[{"model": "contenttypes.contenttype", "pk": 1, "fields": {"app_label": "admin", "model": "logentry"}}, {"model": "contenttypes.contenttype", "pk": 2, "fields": {"app_label": "auth", "model": "permission"}}, {"model": "contenttypes.contenttype", "pk": 3, "fields": {"app_label": "auth", "model": "group"}}, {"model": "contenttypes.contenttype", "pk": 4, "fields": {"app_label": "auth", "model": "user"}}, {"model": "contenttypes.contenttype", "pk": 5, "fields": {"app_label": "contenttypes", "model": "contenttype"}}, {"model": "contenttypes.contenttype", "pk": 6, "fields": {"app_label": "sessions", "model": "session"}}, {"model": "contenttypes.contenttype", "pk": 7, "fields": {"app_label": "app", "model": "batch"}}, {"model": "contenttypes.contenttype", "pk": 8, "fields": {"app_label": "app", "model": "documentfile"}}, {"model": "contenttypes.contenttype", "pk": 9, "fields": {"app_label": "app", "model": "documentfiledetail"}}, {"model": "contenttypes.contenttype", "pk": 10, "fields": {"app_label": "app", "model": "documentfiletype"}}, {"model": "contenttypes.contenttype", "pk": 11, "fields": {"app_label": "app", "model": "documenttype"}}, {"model": "contenttypes.contenttype", "pk": 12, "fields": {"app_label": "app", "model": "profile"}}, {"model": "contenttypes.contenttype", "pk": 13, "fields": {"app_label": "app", "model": "documentworkflow"}}, {"model": "contenttypes.contenttype", "pk": 14, "fields": {"app_label": "app", "model": "documentstate"}}, {"model": "sessions.session", "pk": "cdrv16djhxjm7vj88r38c98iqj9872x0", "fields": {"session_data": "YjI2NjYxOTg1MTA1OTQ5YjJjOTEyMjZlNTJjMjQyNDc2ZTJjM2E5OTp7Il9hdXRoX3VzZXJfaWQiOiIxIiwiX2F1dGhfdXNlcl9iYWNrZW5kIjoiZGphbmdvLmNvbnRyaWIuYXV0aC5iYWNrZW5kcy5Nb2RlbEJhY2tlbmQiLCJfYXV0aF91c2VyX2hhc2giOiIxODhlYjg2MjMxNjlmZjY5MDM2ZTM4NGY2NTNkODM1MTQ1YTk4MWE3In0=", "expire_date": "2020-04-16T23:05:06.275Z"}}, {"model": "app.documentfiletype", "pk": "Passport", "fields": {"file_description": "passport"}}, {"model": "auth.permission", "pk": 1, "fields": {"name": "Can add log entry", "content_type": 1, "codename": "add_logentry"}}, {"model": "auth.permission", "pk": 2, "fields": {"name": "Can change log entry", "content_type": 1, "codename": "change_logentry"}}, {"model": "auth.permission", "pk": 3, "fields": {"name": "Can delete log entry", "content_type": 1, "codename": "delete_logentry"}}, {"model": "auth.permission", "pk": 4, "fields": {"name": "Can view log entry", "content_type": 1, "codename": "view_logentry"}}, {"model": "auth.permission", "pk": 5, "fields": {"name": "Can add permission", "content_type": 2, "codename": "add_permission"}}, {"model": "auth.permission", "pk": 6, "fields": {"name": "Can change permission", "content_type": 2, "codename": "change_permission"}}, {"model": "auth.permission", "pk": 7, "fields": {"name": "Can delete permission", "content_type": 2, "codename": "delete_permission"}}, {"model": "auth.permission", "pk": 8, "fields": {"name": "Can view permission", "content_type": 2, "codename": "view_permission"}}, {"model": "auth.permission", "pk": 9, "fields": {"name": "Can add group", "content_type": 3, "codename": "add_group"}}, {"model": "auth.permission", "pk": 10, "fields": {"name": "Can change group", "content_type": 3, "codename": "change_group"}}, {"model": "auth.permission", "pk": 11, "fields": {"name": "Can delete group", "content_type": 3, "codename": "delete_group"}}, {"model": "auth.permission", "pk": 12, "fields": {"name": "Can view group", "content_type": 3, "codename": "view_group"}}, {"model": "auth.permission", "pk": 13, "fields": {"name": "Can add user", "content_type": 4, "codename": "add_user"}}, {"model": "auth.permission", "pk": 14, "fields": {"name": "Can change user", "content_type": 4, "codename": "change_user"}}, {"model": "auth.permission", "pk": 15, "fields": {"name": "Can delete user", "content_type": 4, "codename": "delete_user"}}, {"model": "auth.permission", "pk": 16, "fields": {"name": "Can view user", "content_type": 4, "codename": "view_user"}}, {"model": "auth.permission", "pk": 17, "fields": {"name": "Can add content type", "content_type": 5, "codename": "add_contenttype"}}, {"model": "auth.permission", "pk": 18, "fields": {"name": "Can change content type", "content_type": 5, "codename": "change_contenttype"}}, {"model": "auth.permission", "pk": 19, "fields": {"name": "Can delete content type", "content_type": 5, "codename": "delete_contenttype"}}, {"model": "auth.permission", "pk": 20, "fields": {"name": "Can view content type", "content_type": 5, "codename": "view_contenttype"}}, {"model": "auth.permission", "pk": 21, "fields": {"name": "Can add session", "content_type": 6, "codename": "add_session"}}, {"model": "auth.permission", "pk": 22, "fields": {"name": "Can change session", "content_type": 6, "codename": "change_session"}}, {"model": "auth.permission", "pk": 23, "fields": {"name": "Can delete session", "content_type": 6, "codename": "delete_session"}}, {"model": "auth.permission", "pk": 24, "fields": {"name": "Can view session", "content_type": 6, "codename": "view_session"}}, {"model": "auth.permission", "pk": 25, "fields": {"name": "Can add batch", "content_type": 7, "codename": "add_batch"}}, {"model": "auth.permission", "pk": 26, "fields": {"name": "Can change batch", "content_type": 7, "codename": "change_batch"}}, {"model": "auth.permission", "pk": 27, "fields": {"name": "Can delete batch", "content_type": 7, "codename": "delete_batch"}}, {"model": "auth.permission", "pk": 28, "fields": {"name": "Can view batch", "content_type": 7, "codename": "view_batch"}}, {"model": "auth.permission", "pk": 29, "fields": {"name": "Can add document file", "content_type": 8, "codename": "add_documentfile"}}, {"model": "auth.permission", "pk": 30, "fields": {"name": "Can change document file", "content_type": 8, "codename": "change_documentfile"}}, {"model": "auth.permission", "pk": 31, "fields": {"name": "Can delete document file", "content_type": 8, "codename": "delete_documentfile"}}, {"model": "auth.permission", "pk": 32, "fields": {"name": "Can view document file", "content_type": 8, "codename": "view_documentfile"}}, {"model": "auth.permission", "pk": 33, "fields": {"name": "Can add document file detail", "content_type": 9, "codename": "add_documentfiledetail"}}, {"model": "auth.permission", "pk": 34, "fields": {"name": "Can change document file detail", "content_type": 9, "codename": "change_documentfiledetail"}}, {"model": "auth.permission", "pk": 35, "fields": {"name": "Can delete document file detail", "content_type": 9, "codename": "delete_documentfiledetail"}}, {"model": "auth.permission", "pk": 36, "fields": {"name": "Can view document file detail", "content_type": 9, "codename": "view_documentfiledetail"}}, {"model": "auth.permission", "pk": 37, "fields": {"name": "Can add document file type", "content_type": 10, "codename": "add_documentfiletype"}}, {"model": "auth.permission", "pk": 38, "fields": {"name": "Can change document file type", "content_type": 10, "codename": "change_documentfiletype"}}, {"model": "auth.permission", "pk": 39, "fields": {"name": "Can delete document file type", "content_type": 10, "codename": "delete_documentfiletype"}}, {"model": "auth.permission", "pk": 40, "fields": {"name": "Can view document file type", "content_type": 10, "codename": "view_documentfiletype"}}, {"model": "auth.permission", "pk": 41, "fields": {"name": "Can add document type", "content_type": 11, "codename": "add_documenttype"}}, {"model": "auth.permission", "pk": 42, "fields": {"name": "Can change document type", "content_type": 11, "codename": "change_documenttype"}}, {"model": "auth.permission", "pk": 43, "fields": {"name": "Can delete document type", "content_type": 11, "codename": "delete_documenttype"}}, {"model": "auth.permission", "pk": 44, "fields": {"name": "Can view document type", "content_type": 11, "codename": "view_documenttype"}}, {"model": "auth.permission", "pk": 45, "fields": {"name": "Can add profile", "content_type": 12, "codename": "add_profile"}}, {"model": "auth.permission", "pk": 46, "fields": {"name": "Can change profile", "content_type": 12, "codename": "change_profile"}}, {"model": "auth.permission", "pk": 47, "fields": {"name": "Can delete profile", "content_type": 12, "codename": "delete_profile"}}, {"model": "auth.permission", "pk": 48, "fields": {"name": "Can view profile", "content_type": 12, "codename": "view_profile"}}, {"model": "auth.permission", "pk": 49, "fields": {"name": "Can add document work flow", "content_type": 13, "codename": "add_documentworkflow"}}, {"model": "auth.permission", "pk": 50, "fields": {"name": "Can change document work flow", "content_type": 13, "codename": "change_documentworkflow"}}, {"model": "auth.permission", "pk": 51, "fields": {"name": "Can delete document work flow", "content_type": 13, "codename": "delete_documentworkflow"}}, {"model": "auth.permission", "pk": 52, "fields": {"name": "Can view document work flow", "content_type": 13, "codename": "view_documentworkflow"}}, {"model": "auth.permission", "pk": 53, "fields": {"name": "Can add document state", "content_type": 14, "codename": "add_documentstate"}}, {"model": "auth.permission", "pk": 54, "fields": {"name": "Can change document state", "content_type": 14, "codename": "change_documentstate"}}, {"model": "auth.permission", "pk": 55, "fields": {"name": "Can delete document state", "content_type": 14, "codename": "delete_documentstate"}}, {"model": "auth.permission", "pk": 56, "fields": {"name": "Can view document state", "content_type": 14, "codename": "view_documentstate"}}, {"model": "auth.group", "pk": 1, "fields": {"name": "Registry", "permissions": []}}, {"model": "auth.group", "pk": 2, "fields": {"name": "Receivers", "permissions": [1, 2, 3, 4, 25, 26, 27, 28, 29, 30, 31, 32, 33, 34, 35, 36, 37, 38, 39, 40, 53, 54, 55, 56, 41, 42, 43, 44, 49, 50, 51, 52, 45, 46, 47, 48, 9, 10, 11, 12, 5, 6, 7, 8, 13, 14, 15, 16, 17, 18, 19, 20, 21, 22, 23, 24]}}, {"model": "auth.group", "pk": 3, "fields": {"name": "Scanners", "permissions": []}}, {"model": "auth.group", "pk": 4, "fields": {"name": "Transcribers", "permissions": []}}, {"model": "auth.group", "pk": 5, "fields": {"name": "QA", "permissions": []}}, {"model": "auth.group", "pk": 6, "fields": {"name": "Validation", "permissions": []}}, {"model": "auth.user", "pk": 1, "fields": {"password": "pbkdf2_sha256$150000$XTnoethatV17$teC/DOWqnrKno6v/L+O4QHenaXTw+kO3mx81hcSlnAM=", "last_login": "2020-04-02T23:05:06Z", "is_superuser": true, "username": "admin", "first_name": "", "last_name": "", "email": "", "is_staff": true, "is_active": true, "date_joined": "2020-04-02T06:36:50Z", "groups": [3], "user_permissions": []}}, {"model": "auth.user", "pk": 2, "fields": {"password": "pbkdf2_sha256$150000$RK4fnflCUd23$+W3Ic4C5TQUBpejek95OlquIp5gdP33LdjYDdNp+2xM=", "last_login": "2020-04-02T19:48:19.055Z", "is_superuser": false, "username": "33173531", "first_name": "", "last_name": "", "email": "admin@admin.com", "is_staff": false, "is_active": true, "date_joined": "2020-04-02T09:20:52.592Z", "groups": [2], "user_permissions": []}}, {"model": "auth.user", "pk": 3, "fields": {"password": "pbkdf2_sha256$150000$cp7BTtpN5Uff$lTjL5Pfg4QAOAvi23AEG9km1zqUd0KbKJURefV3yJec=", "last_login": "2020-04-02T18:24:32.241Z", "is_superuser": false, "username": "33173532", "first_name": "", "last_name": "", "email": "ooksdevs.com@gmail.com", "is_staff": false, "is_active": true, "date_joined": "2020-04-02T17:02:45.092Z", "groups": [1], "user_permissions": []}}, {"model": "auth.user", "pk": 4, "fields": {"password": "pbkdf2_sha256$150000$AoqUEsNuuUgG$JbV0RkruqZSZ/v6X5u74fInKeHpuAGaQb1uH+xeAkbU=", "last_login": "2020-04-02T23:01:12.275Z", "is_superuser": false, "username": "3434", "first_name": "", "last_name": "", "email": "user@user.comd", "is_staff": false, "is_active": true, "date_joined": "2020-04-02T22:53:14.526Z", "groups": [3], "user_permissions": []}}, {"model": "app.documentstate", "pk": "300", "fields": {"state_name": "Registry", "group": 1, "state_parameter": "REGISTRY", "state": "REGISTRY"}}, {"model": "app.documentstate", "pk": "301", "fields": {"state_name": "Awaiting Receive", "group": 2, "state_parameter": "AWAITING_RECEIVE", "state": "AWAITING_RECEIVE"}}, {"model": "app.documentstate", "pk": "302", "fields": {"state_name": "Rejected at Receive", "group": 2, "state_parameter": "RECEIVE_REJECTED", "state": "RECEIVE_REJECTED"}}, {"model": "app.documentstate", "pk": "303", "fields": {"state_name": "Awaiting Scanning", "group": 3, "state_parameter": "AWAITING_SCANNING", "state": "AWAITING_SCANNING"}}, {"model": "app.documentstate", "pk": "304", "fields": {"state_name": "Awaiting Transcription", "group": 4, "state_parameter": "AWAITING_TRANSCRIPTION", "state": "AWAITING_TRANSCRIPTION"}}, {"model": "app.documentstate", "pk": "305", "fields": {"state_name": "Rejected at transcription", "group": 4, "state_parameter": "TRANSCRIPTION_REJECTED", "state": "TRANSCRIPTION_REJECTED"}}, {"model": "app.documentstate", "pk": "306", "fields": {"state_name": "Awaiting QA", "group": 5, "state_parameter": "AWAITING_QA", "state": "AWAITING_QA"}}, {"model": "app.documentstate", "pk": "307", "fields": {"state_name": "rejected at QA", "group": 5, "state_parameter": "QA_REJECTED", "state": "QA_REJECTED"}}, {"model": "app.documentstate", "pk": "308", "fields": {"state_name": "Awaiting Validation", "group": 6, "state_parameter": "AWAITING_VALIDATION", "state": "AWAITING_VALIDATION"}}, {"model": "app.documentstate", "pk": "309", "fields": {"state_name": "Rejected at Validation", "group": 6, "state_parameter": "VALIDATION_REJECTED", "state": "VALIDATION_REJECTED"}}, {"model": "app.documentstate", "pk": "310", "fields": {"state_name": "Fully validated", "group": 6, "state_parameter": "FULL_VALIDATED", "state": "FULL_VALIDATED"}}, {"model": "app.batch", "pk": 1, "fields": {"batch_no": "898989", "name": "Batch890", "created_on": "2020-04-02T06:38:05.157Z", "released_on": null, "received_on": null, "returned_on": null, "created_by": 1, "received_by": null, "receive_state": null, "return_state": null, "state": "301", "rejection_by_receiver_dec": null}}, {"model": "app.batch", "pk": 2, "fields": {"batch_no": "8989897879", "name": "xdss", "created_on": "2020-04-02T08:44:05.477Z", "released_on": null, "received_on": null, "returned_on": null, "created_by": 1, "received_by": null, "receive_state": null, "return_state": null, "state": "301", "rejection_by_receiver_dec": null}}, {"model": "app.batch", "pk": 3, "fields": {"batch_no": "67889898", "name": "Data Entry", "created_on": "2020-04-02T09:27:06.138Z", "released_on": null, "received_on": null, "returned_on": null, "created_by": 2, "received_by": null, "receive_state": null, "return_state": null, "state": "301", "rejection_by_receiver_dec": null}}, {"model": "app.batch", "pk": 4, "fields": {"batch_no": "7283278732", "name": "hsdjhds", "created_on": "2020-04-02T17:00:55.042Z", "released_on": null, "received_on": null, "returned_on": null, "created_by": 1, "received_by": null, "receive_state": null, "return_state": null, "state": "301", "rejection_by_receiver_dec": null}}, {"model": "app.batch", "pk": 5, "fields": {"batch_no": "7383478468327", "name": "dffdfd", "created_on": "2020-04-02T17:03:59.757Z", "released_on": null, "received_on": null, "returned_on": null, "created_by": 3, "received_by": null, "receive_state": null, "return_state": null, "state": "301", "rejection_by_receiver_dec": null}}, {"model": "app.batch", "pk": 6, "fields": {"batch_no": "89898997621", "name": "jkdsjkdsdjks", "created_on": "2020-04-02T18:07:16.817Z", "released_on": null, "received_on": null, "returned_on": null, "created_by": 1, "received_by": null, "receive_state": null, "return_state": null, "state": "301", "rejection_by_receiver_dec": null}}, {"model": "app.batch", "pk": 7, "fields": {"batch_no": "56565767", "name": "ghghjhhjjh", "created_on": "2020-04-02T19:43:29.479Z", "released_on": null, "received_on": null, "returned_on": null, "created_by": 1, "received_by": null, "receive_state": null, "return_state": null, "state": "303", "rejection_by_receiver_dec": null}}, {"model": "app.batch", "pk": 8, "fields": {"batch_no": "8989893434", "name": "jjk", "created_on": "2020-04-03T20:24:47.079Z", "released_on": null, "received_on": null, "returned_on": null, "created_by": 1, "received_by": null, "receive_state": null, "return_state": null, "state": "300", "rejection_by_receiver_dec": null}}, {"model": "app.documentfile", "pk": "6776", "fields": {"file_type": "Passport", "document": "", "file_status": null, "batch": 6, "file_created_by": 1, "created_on": "2020-04-02T19:39:27.694Z", "file_scanned_by": null, "scanned_on": null, "file_transcribed_by": null, "transcribed_on": null, "file_qa_by": null, "qa_on": null, "file_validated_by": null, "validated_on": null, "file_barcode": "3433289", "rejection_by_scanner_dec": null, "rejection_by_transcriber_dec": null, "rejection_by_aq_dec": null, "rejection_by_validation_dec": null, "state": "301", "file_path": null}}, {"model": "app.documentfile", "pk": "7287827817233", "fields": {"file_type": "Passport", "document": "", "file_status": null, "batch": 5, "file_created_by": 3, "created_on": "2020-04-02T18:09:57.405Z", "file_scanned_by": null, "scanned_on": null, "file_transcribed_by": null, "transcribed_on": null, "file_qa_by": null, "qa_on": null, "file_validated_by": null, "validated_on": null, "file_barcode": "544533", "rejection_by_scanner_dec": null, "rejection_by_transcriber_dec": null, "rejection_by_aq_dec": null, "rejection_by_validation_dec": null, "state": "301", "file_path": null}}, {"model": "app.documentfile", "pk": "72878278172456", "fields": {"file_type": "Passport", "document": "", "file_status": null, "batch": 4, "file_created_by": 1, "created_on": "2020-04-02T19:34:12.140Z", "file_scanned_by": null, "scanned_on": null, "file_transcribed_by": null, "transcribed_on": null, "file_qa_by": null, "qa_on": null, "file_validated_by": null, "validated_on": null, "file_barcode": "21222678", "rejection_by_scanner_dec": null, "rejection_by_transcriber_dec": null, "rejection_by_aq_dec": null, "rejection_by_validation_dec": null, "state": "301", "file_path": null}}, {"model": "app.documentfile", "pk": "72878278172677", "fields": {"file_type": "Passport", "document": "", "file_status": null, "batch": 5, "file_created_by": 3, "created_on": "2020-04-02T18:25:53.742Z", "file_scanned_by": null, "scanned_on": null, "file_transcribed_by": null, "transcribed_on": null, "file_qa_by": null, "qa_on": null, "file_validated_by": null, "validated_on": null, "file_barcode": "212224523", "rejection_by_scanner_dec": null, "rejection_by_transcriber_dec": null, "rejection_by_aq_dec": null, "rejection_by_validation_dec": null, "state": "301", "file_path": null}}, {"model": "app.documentfile", "pk": "728782781728989898", "fields": {"file_type": "Passport", "document": "", "file_status": null, "batch": 1, "file_created_by": 1, "created_on": "2020-04-02T17:15:52.035Z", "file_scanned_by": null, "scanned_on": null, "file_transcribed_by": null, "transcribed_on": null, "file_qa_by": null, "qa_on": null, "file_validated_by": null, "validated_on": null, "file_barcode": "21222", "rejection_by_scanner_dec": null, "rejection_by_transcriber_dec": null, "rejection_by_aq_dec": null, "rejection_by_validation_dec": null, "state": "301", "file_path": null}}, {"model": "app.documentfile", "pk": "72878278172898989878", "fields": {"file_type": "Passport", "document": "", "file_status": null, "batch": 5, "file_created_by": 3, "created_on": "2020-04-02T18:29:01.785Z", "file_scanned_by": null, "scanned_on": null, "file_transcribed_by": null, "transcribed_on": null, "file_qa_by": null, "qa_on": null, "file_validated_by": null, "validated_on": null, "file_barcode": "21222676", "rejection_by_scanner_dec": null, "rejection_by_transcriber_dec": null, "rejection_by_aq_dec": null, "rejection_by_validation_dec": null, "state": "301", "file_path": null}}, {"model": "app.documentfile", "pk": "72878278172898989890", "fields": {"file_type": "Passport", "document": "", "file_status": null, "batch": 7, "file_created_by": 1, "created_on": "2020-04-02T19:43:45.906Z", "file_scanned_by": 1, "scanned_on": null, "file_transcribed_by": null, "transcribed_on": null, "file_qa_by": null, "qa_on": null, "file_validated_by": null, "validated_on": null, "file_barcode": "34343", "rejection_by_scanner_dec": null, "rejection_by_transcriber_dec": null, "rejection_by_aq_dec": null, "rejection_by_validation_dec": null, "state": "303", "file_path": null}}, {"model": "app.documentfiledetail", "pk": 1, "fields": {"file_reference": "72878278172456", "document_barcode": "3456789089", "document_type": null, "document_content": null, "document_file_path": "", "doc_created_by": 1, "created_on": "2020-04-02T19:37:37.984Z", "doc_scanned_by": null, "scanned_on": null, "doc_transcribed_by": null, "transcribed_on": null, "doc_qa_by": null, "qa_on": null, "doc_validated_by": null, "validated_on": null, "rejection_by_scanner_dec": null, "rejection_by_transcriber_dec": null, "rejection_by_aq_dec": null, "rejection_by_validation_dec": null, "state": null}}, {"model": "app.documentfiledetail", "pk": 2, "fields": {"file_reference": "6776", "document_barcode": "3456789090", "document_type": null, "document_content": null, "document_file_path": "", "doc_created_by": 1, "created_on": "2020-04-02T19:39:52.245Z", "doc_scanned_by": null, "scanned_on": null, "doc_transcribed_by": null, "transcribed_on": null, "doc_qa_by": null, "qa_on": null, "doc_validated_by": null, "validated_on": null, "rejection_by_scanner_dec": null, "rejection_by_transcriber_dec": null, "rejection_by_aq_dec": null, "rejection_by_validation_dec": null, "state": "300"}}, {"model": "app.documentfiledetail", "pk": 3, "fields": {"file_reference": "6776", "document_barcode": "345678906767", "document_type": null, "document_content": null, "document_file_path": "", "doc_created_by": 1, "created_on": "2020-04-02T19:41:24.198Z", "doc_scanned_by": null, "scanned_on": null, "doc_transcribed_by": null, "transcribed_on": null, "doc_qa_by": null, "qa_on": null, "doc_validated_by": null, "validated_on": null, "rejection_by_scanner_dec": null, "rejection_by_transcriber_dec": null, "rejection_by_aq_dec": null, "rejection_by_validation_dec": null, "state": "300"}}, {"model": "app.documentfiledetail", "pk": 4, "fields": {"file_reference": "72878278172898989890", "document_barcode": "3456789089896", "document_type": null, "document_content": null, "document_file_path": "", "doc_created_by": 1, "created_on": "2020-04-02T19:44:04.933Z", "doc_scanned_by": null, "scanned_on": null, "doc_transcribed_by": null, "transcribed_on": null, "doc_qa_by": null, "qa_on": null, "doc_validated_by": null, "validated_on": null, "rejection_by_scanner_dec": null, "rejection_by_transcriber_dec": null, "rejection_by_aq_dec": null, "rejection_by_validation_dec": null, "state": "303"}}, {"model": "app.profile", "pk": 1, "fields": {"user": 1, "id_no": null, "phone": null, "full_name": null, "first_login": true, "image": "default.jpg"}}, {"model": "app.profile", "pk": 2, "fields": {"user": 2, "id_no": "33173531", "phone": "91614457", "full_name": "Douglas Irungu", "first_login": true, "image": "default.jpg"}}, {"model": "app.profile", "pk": 3, "fields": {"user": 3, "id_no": "33173532", "phone": "0791614457", "full_name": "Daggy", "first_login": true, "image": "default.jpg"}}, {"model": "app.profile", "pk": 4, "fields": {"user": 4, "id_no": "3434", "phone": "91614457", "full_name": "Mike", "first_login": true, "image": "default.jpg"}}, {"model": "admin.logentry", "pk": 1, "fields": {"action_time": "2020-04-02T07:18:59.760Z", "user": 1, "content_type": 3, "object_id": "1", "object_repr": "Registry", "action_flag": 1, "change_message": "[{\"added\": {}}]"}}, {"model": "admin.logentry", "pk": 2, "fields": {"action_time": "2020-04-02T07:19:22.163Z", "user": 1, "content_type": 3, "object_id": "2", "object_repr": "Receivers", "action_flag": 1, "change_message": "[{\"added\": {}}]"}}, {"model": "admin.logentry", "pk": 3, "fields": {"action_time": "2020-04-02T07:19:34.374Z", "user": 1, "content_type": 3, "object_id": "3", "object_repr": "Scanners", "action_flag": 1, "change_message": "[{\"added\": {}}]"}}, {"model": "admin.logentry", "pk": 4, "fields": {"action_time": "2020-04-02T07:19:54.750Z", "user": 1, "content_type": 3, "object_id": "4", "object_repr": "Transcribers", "action_flag": 1, "change_message": "[{\"added\": {}}]"}}, {"model": "admin.logentry", "pk": 5, "fields": {"action_time": "2020-04-02T07:20:15.823Z", "user": 1, "content_type": 3, "object_id": "5", "object_repr": "QA", "action_flag": 1, "change_message": "[{\"added\": {}}]"}}, {"model": "admin.logentry", "pk": 6, "fields": {"action_time": "2020-04-02T07:20:25.172Z", "user": 1, "content_type": 3, "object_id": "6", "object_repr": "Validation", "action_flag": 1, "change_message": "[{\"added\": {}}]"}}, {"model": "admin.logentry", "pk": 7, "fields": {"action_time": "2020-04-02T07:28:43.142Z", "user": 1, "content_type": 14, "object_id": "300", "object_repr": "DocumentState object (300)", "action_flag": 1, "change_message": "[{\"added\": {}}]"}}, {"model": "admin.logentry", "pk": 8, "fields": {"action_time": "2020-04-02T07:30:02.708Z", "user": 1, "content_type": 14, "object_id": "301", "object_repr": "DocumentState object (301)", "action_flag": 1, "change_message": "[{\"added\": {}}]"}}, {"model": "admin.logentry", "pk": 9, "fields": {"action_time": "2020-04-02T07:36:52.087Z", "user": 1, "content_type": 14, "object_id": "302", "object_repr": "DocumentState object (302)", "action_flag": 1, "change_message": "[{\"added\": {}}]"}}, {"model": "admin.logentry", "pk": 10, "fields": {"action_time": "2020-04-02T07:37:29.734Z", "user": 1, "content_type": 14, "object_id": "303", "object_repr": "DocumentState object (303)", "action_flag": 1, "change_message": "[{\"added\": {}}]"}}, {"model": "admin.logentry", "pk": 11, "fields": {"action_time": "2020-04-02T07:38:32.723Z", "user": 1, "content_type": 14, "object_id": "304", "object_repr": "DocumentState object (304)", "action_flag": 1, "change_message": "[{\"added\": {}}]"}}, {"model": "admin.logentry", "pk": 12, "fields": {"action_time": "2020-04-02T07:39:21.977Z", "user": 1, "content_type": 14, "object_id": "305", "object_repr": "DocumentState object (305)", "action_flag": 1, "change_message": "[{\"added\": {}}]"}}, {"model": "admin.logentry", "pk": 13, "fields": {"action_time": "2020-04-02T07:39:59.213Z", "user": 1, "content_type": 14, "object_id": "306", "object_repr": "DocumentState object (306)", "action_flag": 1, "change_message": "[{\"added\": {}}]"}}, {"model": "admin.logentry", "pk": 14, "fields": {"action_time": "2020-04-02T07:41:01.360Z", "user": 1, "content_type": 14, "object_id": "307", "object_repr": "DocumentState object (307)", "action_flag": 1, "change_message": "[{\"added\": {}}]"}}, {"model": "admin.logentry", "pk": 15, "fields": {"action_time": "2020-04-02T07:41:40.488Z", "user": 1, "content_type": 14, "object_id": "308", "object_repr": "DocumentState object (308)", "action_flag": 1, "change_message": "[{\"added\": {}}]"}}, {"model": "admin.logentry", "pk": 16, "fields": {"action_time": "2020-04-02T07:42:22.070Z", "user": 1, "content_type": 14, "object_id": "309", "object_repr": "DocumentState object (309)", "action_flag": 1, "change_message": "[{\"added\": {}}]"}}, {"model": "admin.logentry", "pk": 17, "fields": {"action_time": "2020-04-02T07:43:41.350Z", "user": 1, "content_type": 14, "object_id": "310", "object_repr": "DocumentState object (310)", "action_flag": 1, "change_message": "[{\"added\": {}}]"}}, {"model": "admin.logentry", "pk": 18, "fields": {"action_time": "2020-04-02T09:23:41.554Z", "user": 1, "content_type": 3, "object_id": "2", "object_repr": "Receivers", "action_flag": 2, "change_message": "[{\"changed\": {\"fields\": [\"permissions\"]}}]"}}, {"model": "admin.logentry", "pk": 19, "fields": {"action_time": "2020-04-02T19:33:11.578Z", "user": 1, "content_type": 4, "object_id": "1", "object_repr": "admin", "action_flag": 2, "change_message": "[{\"changed\": {\"fields\": [\"groups\"]}}]"}}, {"model": "admin.logentry", "pk": 20, "fields": {"action_time": "2020-04-02T23:06:13.848Z", "user": 1, "content_type": 4, "object_id": "1", "object_repr": "admin", "action_flag": 2, "change_message": "[{\"changed\": {\"fields\": [\"groups\"]}}]"}}]